                  epoch,         train/box_loss,         train/cls_loss,         train/dfl_loss,   metrics/precision(B),      metrics/recall(B),       metrics/mAP50(B),    metrics/mAP50-95(B),           val/box_loss,           val/cls_loss,           val/dfl_loss,                 lr/pg0,                 lr/pg1,                 lr/pg2
                      1,                  3.259,                 2.7934,                 3.7424,                0.28672,                0.20349,                0.15197,                0.05913,                 2.4805,                 2.6138,                 2.9801,             0.00066138,             0.00066138,             0.00066138
                      2,                 2.4612,                  1.951,                 2.6088,                0.46588,                 0.3028,                0.30805,                0.14673,                 2.0095,                 2.3773,                 2.3793,              0.0013237,              0.0013237,              0.0013237
                      3,                 2.1056,                 1.6643,                 2.1878,                0.59825,                0.37006,                 0.4187,                0.22401,                 1.8028,                   1.77,                 2.1033,              0.0019815,              0.0019815,              0.0019815
                      4,                 1.9206,                 1.5143,                 1.9611,                0.68624,                 0.4144,                0.48729,                0.28346,                 1.6548,                 1.4661,                 1.9286,              0.0019802,              0.0019802,              0.0019802
                      5,                 1.7693,                 1.3949,                 1.8234,                0.65139,                0.43045,                0.48153,                0.28534,                 1.5547,                 1.5619,                 1.8143,              0.0019802,              0.0019802,              0.0019802
                      6,                 1.6843,                 1.3633,                 1.7436,                0.72479,                0.44419,                0.52945,                0.32166,                 1.5449,                 1.3525,                 1.7726,              0.0019736,              0.0019736,              0.0019736
                      7,                 1.6429,                 1.2992,                 1.6885,                0.73682,                0.43646,                0.52947,                0.33492,                 1.4532,                 1.2932,                 1.7244,               0.001967,               0.001967,               0.001967
                      8,                 1.5736,                 1.2463,                 1.6394,                0.74043,                0.46766,                0.55586,                0.35633,                 1.3676,                 1.1988,                 1.6375,              0.0019604,              0.0019604,              0.0019604
                      9,                 1.5445,                 1.2063,                 1.6012,                0.75724,                0.46909,                0.56929,                0.37228,                 1.3535,                 1.1529,                 1.5998,              0.0019538,              0.0019538,              0.0019538
                     10,                 1.4957,                  1.161,                 1.5728,                0.80131,                0.48131,                0.58703,                 0.3824,                 1.3165,                 1.1142,                 1.5836,              0.0019472,              0.0019472,              0.0019472
                     11,                 1.4864,                 1.1499,                 1.5649,                0.79375,                0.48906,                0.59325,                0.38673,                 1.3197,                 1.1399,                 1.5611,              0.0019406,              0.0019406,              0.0019406
                     12,                 1.4529,                 1.0983,                  1.521,                0.79434,                0.49771,                0.60271,                0.40453,                 1.2241,                 1.0407,                 1.4983,               0.001934,               0.001934,               0.001934
                     13,                 1.4144,                 1.0786,                 1.5139,                0.77554,                0.51422,                0.60807,                0.39935,                 1.2337,                 1.0646,                 1.4918,              0.0019274,              0.0019274,              0.0019274
                     14,                 1.4094,                 1.0899,                 1.5121,                0.79067,                0.52519,                0.63182,                0.42862,                 1.1661,                0.99275,                 1.4359,              0.0019208,              0.0019208,              0.0019208
                     15,                 1.3809,                 1.0471,                 1.4817,                0.80744,                0.52318,                0.63187,                 0.4302,                 1.1719,                0.98996,                 1.4343,              0.0019142,              0.0019142,              0.0019142
                     16,                 1.3771,                 1.0254,                 1.4775,                0.80563,                0.51202,                0.61934,                0.42528,                  1.191,                0.99092,                 1.4452,              0.0019076,              0.0019076,              0.0019076
                     17,                 1.3665,                 1.0145,                 1.4563,                0.78972,                0.48477,                0.58846,                0.39255,                 1.2457,                 1.0519,                 1.4948,               0.001901,               0.001901,               0.001901
                     18,                  1.369,                 1.0132,                 1.4605,                0.84332,                0.51088,                 0.6341,                0.43841,                 1.1581,                0.95297,                 1.4226,              0.0018944,              0.0018944,              0.0018944
                     19,                 1.3318,                0.99015,                 1.4345,                0.83665,                0.52748,                0.64534,                0.44209,                 1.1508,                0.93474,                 1.4244,              0.0018878,              0.0018878,              0.0018878
                     20,                 1.3381,                0.98444,                 1.4402,                0.81752,                0.49485,                0.61537,                0.41041,                 1.2074,                 1.0166,                 1.4574,              0.0018812,              0.0018812,              0.0018812
                     21,                 1.3255,                0.96644,                 1.4266,                0.82535,                0.53463,                0.64942,                0.44814,                 1.1517,                0.96344,                  1.406,              0.0018746,              0.0018746,              0.0018746
                     22,                 1.3102,                0.95796,                  1.426,                0.81549,                0.53887,                0.65033,                0.45067,                 1.1092,                0.91641,                  1.382,               0.001868,               0.001868,               0.001868
                     23,                 1.2879,                 0.9466,                 1.4035,                 0.8076,                0.54665,                0.65154,                  0.448,                 1.1354,                0.91152,                 1.3953,              0.0018614,              0.0018614,              0.0018614
                     24,                  1.287,                 0.9356,                 1.4127,                0.84697,                0.51603,                0.64083,                0.43257,                 1.1782,                0.94071,                 1.4435,              0.0018548,              0.0018548,              0.0018548
                     25,                 1.2974,                0.95195,                 1.4191,                0.78618,                0.47251,                0.56642,                 0.3686,                 1.3061,                 1.0875,                 1.5541,              0.0018482,              0.0018482,              0.0018482
                     26,                 1.2654,                0.90732,                  1.383,                0.85514,                0.52881,                 0.6524,                0.44345,                  1.147,                0.92452,                 1.4081,              0.0018416,              0.0018416,              0.0018416
                     27,                 1.2693,                0.90528,                 1.3836,                0.84005,                0.53434,                0.64904,                0.43907,                 1.1781,                0.94093,                 1.4261,               0.001835,               0.001835,               0.001835
                     28,                 1.2653,                0.90847,                 1.3854,                0.84793,                0.54522,                0.66704,                0.45801,                 1.1131,                 0.8791,                 1.3881,              0.0018284,              0.0018284,              0.0018284
                     29,                 1.2645,                0.90089,                 1.3735,                0.84546,                0.55495,                0.67046,                0.47155,                 1.0788,                 0.8579,                 1.3493,              0.0018218,              0.0018218,              0.0018218
                     30,                 1.2628,                0.90068,                 1.3749,                0.83655,                0.54436,                0.66078,                 0.4533,                 1.1264,                0.88309,                 1.3899,              0.0018152,              0.0018152,              0.0018152
                     31,                 1.2392,                0.89192,                  1.387,                0.84881,                0.55123,                0.66416,                0.45451,                 1.1158,                0.87423,                 1.3702,              0.0018086,              0.0018086,              0.0018086
                     32,                 1.2226,                0.87293,                 1.3534,                0.82916,                0.52919,                0.64482,                0.43961,                 1.1388,                0.92096,                 1.3932,               0.001802,               0.001802,               0.001802
                     33,                 1.2323,                0.87658,                 1.3595,                0.84407,                0.56125,                0.67766,                0.47599,                 1.0554,                 0.8551,                 1.3395,              0.0017954,              0.0017954,              0.0017954
                     34,                 1.2269,                0.87896,                 1.3609,                0.86382,                 0.5501,                0.67834,                0.48297,                 1.0525,                0.87886,                 1.3292,              0.0017888,              0.0017888,              0.0017888
                     35,                 1.2145,                0.86933,                 1.3448,                0.84921,                0.54751,                0.66908,                0.45532,                 1.1093,                0.89602,                 1.3626,              0.0017822,              0.0017822,              0.0017822
                     36,                 1.2371,                0.88454,                 1.3544,                0.84985,                0.56537,                0.67774,                0.48043,                 1.0472,                0.84276,                 1.3167,              0.0017756,              0.0017756,              0.0017756
                     37,                 1.2338,                0.87589,                 1.3501,                0.84496,                0.56182,                0.67649,                0.47069,                 1.0822,                0.84945,                 1.3436,               0.001769,               0.001769,               0.001769
                     38,                 1.2194,                0.86494,                 1.3512,                0.85177,                0.56525,                0.68377,                0.47975,                 1.0583,                0.82593,                 1.3282,              0.0017624,              0.0017624,              0.0017624
                     39,                 1.2203,                0.86254,                 1.3482,                0.82489,                0.55953,                0.67584,                0.46847,                 1.0896,                0.84539,                 1.3527,              0.0017558,              0.0017558,              0.0017558
                     40,                 1.1998,                0.84167,                 1.3365,                0.85862,                0.56983,                0.68194,                0.47668,                  1.052,                 0.8354,                 1.3207,              0.0017492,              0.0017492,              0.0017492
                     41,                 1.1952,                0.84769,                 1.3263,                0.86114,                0.55909,                0.68363,                0.47646,                 1.0435,                0.82089,                 1.3134,              0.0017426,              0.0017426,              0.0017426
                     42,                 1.2032,                0.85799,                 1.3448,                0.83719,                0.56411,                0.67767,                0.47103,                 1.0786,                0.84963,                 1.3427,               0.001736,               0.001736,               0.001736
                     43,                 1.1787,                 1.2465,                 1.3171,                0.84069,                0.56525,                0.67607,                0.47164,                 1.0698,                0.83904,                 1.3319,              0.0017294,              0.0017294,              0.0017294
                     44,                 1.1899,                0.82075,                  1.324,                0.84163,                0.58071,                0.69187,                0.47997,                 1.0751,                0.81855,                 1.3429,              0.0017228,              0.0017228,              0.0017228
                     45,                 1.1707,                0.81662,                 1.3218,                0.85935,                0.57879,                 0.6993,                 0.4878,                 1.0473,                0.78954,                 1.3103,              0.0017162,              0.0017162,              0.0017162
                     46,                 1.1899,                0.81605,                 1.3163,                0.85667,                0.57842,                0.69344,                0.49336,                 1.0364,                0.79341,                 1.3058,              0.0017096,              0.0017096,              0.0017096
                     47,                 1.1796,                0.82134,                  1.315,                0.84526,                0.58329,                0.69808,                0.49614,                 1.0297,                0.80137,                 1.2906,               0.001703,               0.001703,               0.001703
                     48,                  1.177,                0.81666,                  1.315,                0.86898,                0.58786,                0.70631,                0.49329,                 1.0503,                0.77687,                 1.3184,              0.0016964,              0.0016964,              0.0016964
                     49,                 1.1821,                0.81765,                 1.3065,                0.84179,                0.55839,                0.66958,                0.46037,                 1.0907,                0.85252,                 1.3593,              0.0016898,              0.0016898,              0.0016898
                     50,                 1.1738,                0.81837,                 1.3136,                0.85857,                0.58205,                0.69744,                0.49155,                 1.0454,                0.78846,                 1.3035,              0.0016832,              0.0016832,              0.0016832
                     51,                 1.1849,                0.82103,                 1.3192,                0.85609,                0.57547,                0.69045,                0.48543,                 1.0293,                0.78909,                 1.3027,              0.0016766,              0.0016766,              0.0016766
                     52,                 1.1519,                0.79901,                 1.2976,                0.86517,                0.58953,                0.70939,                0.50087,                 1.0232,                0.75541,                 1.2924,                0.00167,                0.00167,                0.00167
                     53,                 1.1667,                0.80407,                 1.3074,                0.86856,                0.58243,                0.70785,                0.50574,                0.98963,                0.77941,                 1.2706,              0.0016634,              0.0016634,              0.0016634
                     54,                 1.1564,                0.80067,                 1.3004,                 0.8534,                0.58243,                0.70574,                0.50307,                 1.0058,                0.76583,                 1.2824,              0.0016568,              0.0016568,              0.0016568
                     55,                  1.142,                0.79373,                 1.2934,                0.84834,                0.58987,                0.70021,                0.49576,                 1.0135,                0.77227,                 1.2974,              0.0016502,              0.0016502,              0.0016502
                     56,                 1.1609,                0.79462,                 1.2948,                0.86844,                0.58558,                 0.7041,                 0.5079,                 1.0095,                0.75974,                 1.2775,              0.0016436,              0.0016436,              0.0016436
                     57,                 1.1513,                0.78268,                 1.2946,                0.87569,                0.59073,                0.70829,                0.51254,                0.99464,                0.75136,                 1.2686,               0.001637,               0.001637,               0.001637
                     58,                 1.1521,                0.79534,                 1.3054,                0.85895,                0.59302,                0.71334,                0.50934,                0.99838,                0.74641,                 1.2743,              0.0016304,              0.0016304,              0.0016304
                     59,                 1.1443,                0.78322,                 1.2903,                0.84212,                0.59689,                0.70907,                0.50619,                0.99381,                0.74528,                 1.2782,              0.0016238,              0.0016238,              0.0016238
                     60,                 1.1496,                0.79539,                 1.2956,                0.85008,                 0.5826,                0.69903,                0.48849,                 1.0615,                 0.7948,                 1.3135,              0.0016172,              0.0016172,              0.0016172
                     61,                 1.1474,                0.79115,                 1.3038,                0.87872,                0.59515,                0.71995,                0.50932,                 1.0029,                 0.7418,                 1.2715,              0.0016106,              0.0016106,              0.0016106
                     62,                 1.1514,                0.78802,                 1.2975,                0.87367,                0.57798,                0.70444,                0.49621,                 1.0367,                0.76294,                 1.3111,               0.001604,               0.001604,               0.001604
                     63,                 1.1388,                0.76897,                 1.2837,                0.87991,                0.59302,                0.71554,                0.51416,                0.98916,                0.75096,                 1.2669,              0.0015974,              0.0015974,              0.0015974
                     64,                 1.1301,                0.78063,                 1.2814,                0.87412,                 0.5982,                0.72347,                0.51825,                0.99595,                0.75109,                 1.2704,              0.0015908,              0.0015908,              0.0015908
                     65,                 1.1319,                0.76111,                 1.2781,                0.86568,                0.58758,                0.71167,                0.50852,                 0.9914,                0.74202,                 1.2705,              0.0015842,              0.0015842,              0.0015842
                     66,                 1.1152,                0.75478,                   1.27,                0.83768,                0.59672,                0.70408,                0.49927,                0.99787,                0.76294,                 1.2764,              0.0015776,              0.0015776,              0.0015776
                     67,                 1.1187,                0.75477,                 1.2719,                0.86363,                0.59994,                0.71798,                0.51217,                0.98517,                0.73421,                 1.2555,               0.001571,               0.001571,               0.001571
                     68,                 1.1181,                0.75919,                 1.2747,                0.88385,                0.59359,                0.71284,                0.51302,                0.97119,                0.72484,                 1.2553,              0.0015644,              0.0015644,              0.0015644
                     69,                 1.1369,                0.76511,                 1.2828,                0.83148,                0.59167,                0.69641,                0.48387,                 1.0593,                0.78913,                 1.3255,              0.0015578,              0.0015578,              0.0015578
                     70,                 1.1123,                0.75633,                 1.2763,                0.87262,                0.59211,                0.71042,                0.50119,                 1.0201,                0.76175,                 1.2848,              0.0015512,              0.0015512,              0.0015512
                     71,                 1.1213,                0.75314,                  1.272,                0.84958,                0.57127,                0.69436,                0.48958,                 1.0244,                 0.7822,                 1.2936,              0.0015446,              0.0015446,              0.0015446
                     72,                  1.127,                0.74993,                 1.2718,                0.87115,                0.59406,                0.71447,                0.50719,                0.99082,                0.74249,                 1.2656,               0.001538,               0.001538,               0.001538
                     73,                 1.1062,                0.75034,                 1.2707,                0.87205,                0.59882,                 0.7178,                0.51946,                 0.9618,                0.73073,                 1.2517,              0.0015314,              0.0015314,              0.0015314
                     74,                 1.1106,                0.73838,                 1.2612,                0.87826,                0.60332,                0.72141,                0.51175,                 1.0037,                 0.7224,                 1.2727,              0.0015248,              0.0015248,              0.0015248
                     75,                 1.1134,                0.74961,                 1.2753,                0.87335,                0.60046,                0.72429,                0.51609,                0.98005,                0.72117,                 1.2583,              0.0015182,              0.0015182,              0.0015182
                     76,                 1.0987,                0.73381,                  1.257,                0.87257,                 0.6036,                0.72392,                0.51312,                0.98584,                0.70982,                 1.2701,              0.0015116,              0.0015116,              0.0015116
                     77,                 1.1098,                0.75327,                 1.2657,                0.90207,                 0.6011,                0.72385,                0.52179,                0.96412,                0.69926,                 1.2482,               0.001505,               0.001505,               0.001505
                     78,                 1.0993,                0.73986,                 1.2599,                0.85485,                0.59388,                0.70888,                0.50373,                 0.9972,                0.72744,                 1.2685,              0.0014984,              0.0014984,              0.0014984
                     79,                 1.1171,                0.74887,                 1.2643,                0.86974,                0.59416,                0.71342,                0.50563,                0.98774,                0.73615,                 1.2567,              0.0014918,              0.0014918,              0.0014918
                     80,                 1.0992,                0.73174,                 1.2426,                0.87027,                0.61219,                0.72904,                0.52068,                0.99037,                0.71147,                 1.2542,              0.0014852,              0.0014852,              0.0014852
                     81,                 1.0989,                0.73512,                 1.2505,                 0.8663,                 0.6016,                0.71502,                0.51566,                 0.9649,                0.71937,                  1.244,              0.0014786,              0.0014786,              0.0014786
                     82,                 1.1027,                 0.7271,                 1.2626,                0.87486,                0.58872,                0.71573,                0.50771,                0.99867,                0.73887,                 1.2724,               0.001472,               0.001472,               0.001472
                     83,                 1.0961,                0.72477,                 1.2501,                0.85348,                0.61362,                 0.7274,                0.51718,                0.98431,                0.71533,                   1.25,              0.0014654,              0.0014654,              0.0014654
                     84,                 1.0992,                0.72289,                 1.2549,                0.86478,                 0.6079,                0.72327,                0.51984,                0.98055,                0.71553,                 1.2571,              0.0014588,              0.0014588,              0.0014588
                     85,                 1.0902,                0.72329,                 1.2595,                0.86273,                  0.599,                0.71676,                 0.5131,                0.99382,                0.72943,                 1.2637,              0.0014522,              0.0014522,              0.0014522
                     86,                 1.1118,                0.74051,                  1.263,                0.85678,                0.59244,                0.71204,                0.50388,                 1.0045,                0.74171,                 1.2781,              0.0014456,              0.0014456,              0.0014456
                     87,                 1.0877,                0.72574,                 1.2461,                0.87512,                0.60904,                0.72444,                0.51648,                0.98476,                0.71543,                 1.2569,               0.001439,               0.001439,               0.001439
                     88,                 1.0983,                0.73273,                 1.2602,                0.86167,                0.61684,                0.73041,                0.52321,                0.96844,                0.70226,                 1.2475,              0.0014324,              0.0014324,              0.0014324
                     89,                 1.0869,                0.72384,                 1.2485,                0.84979,                0.59903,                0.71376,                0.50487,                 1.0074,                0.72765,                 1.2776,              0.0014258,              0.0014258,              0.0014258
                     90,                 1.1005,                0.72207,                 1.2642,                0.88233,                0.60475,                0.72878,                0.52182,                0.98932,                 0.7077,                 1.2643,              0.0014192,              0.0014192,              0.0014192
                     91,                 1.0822,                0.72088,                  1.255,                0.85851,                0.60532,                 0.7201,                 0.5175,                 0.9578,                0.70365,                 1.2437,              0.0014126,              0.0014126,              0.0014126
                     92,                 1.0741,                0.70937,                 1.2348,                0.88032,                0.61682,                0.73277,                0.52786,                0.94559,                0.67915,                 1.2252,               0.001406,               0.001406,               0.001406
                     93,                 1.0744,                0.70343,                 1.2392,                0.87721,                0.61706,                0.73066,                 0.5264,                0.96083,                0.68296,                 1.2445,              0.0013994,              0.0013994,              0.0013994
                     94,                 1.0834,                0.71234,                 1.2468,                0.87195,                0.59247,                0.70738,                0.50731,                0.98662,                0.72451,                 1.2576,              0.0013928,              0.0013928,              0.0013928
                     95,                 1.0693,                0.71173,                 1.2325,                0.86818,                0.60698,                0.72635,                0.52532,                   0.95,                0.69808,                 1.2301,              0.0013862,              0.0013862,              0.0013862
                     96,                 1.0604,                0.70208,                 1.2306,                0.87739,                0.60532,                0.72228,                0.51678,                0.97056,                0.69694,                 1.2553,              0.0013796,              0.0013796,              0.0013796
                     97,                 1.0814,                0.72083,                 1.2697,                 0.8766,                0.59445,                0.72166,                0.51978,                0.96309,                0.70634,                 1.2458,               0.001373,               0.001373,               0.001373
                     98,                 1.0691,                0.70191,                  1.238,                0.87587,                0.60675,                0.72854,                0.52664,                 0.9565,                0.68867,                 1.2316,              0.0013664,              0.0013664,              0.0013664
                     99,                 1.0719,                0.69842,                 1.2313,                0.89205,                0.60504,                0.73298,                0.52506,                0.96952,                0.68674,                 1.2493,              0.0013598,              0.0013598,              0.0013598
                    100,                  1.065,                 0.6926,                 1.2321,                0.87714,                0.60481,                0.72391,                0.51785,                0.97605,                0.69374,                  1.253,              0.0013532,              0.0013532,              0.0013532
                    101,                 1.0773,                0.71578,                 1.2456,                0.86363,                0.61133,                0.72214,                0.51247,                0.98479,                0.71054,                 1.2591,              0.0013466,              0.0013466,              0.0013466
                    102,                 1.0728,                0.70435,                 1.2426,                0.88768,                0.61522,                0.73702,                0.52871,                0.95214,                0.66883,                 1.2298,                0.00134,                0.00134,                0.00134
                    103,                 1.0786,                0.70567,                 1.2459,                0.88023,                0.61219,                0.72943,                0.52324,                0.95648,                0.67862,                 1.2436,              0.0013334,              0.0013334,              0.0013334
                    104,                 1.0843,                0.70112,                 1.2401,                0.88239,                0.62364,                0.73616,                0.52865,                0.95926,                0.66667,                 1.2356,              0.0013268,              0.0013268,              0.0013268
                    105,                 1.0558,                0.69188,                 1.2294,                0.87654,                0.61963,                 0.7335,                0.52306,                0.97036,                 0.6815,                 1.2519,              0.0013202,              0.0013202,              0.0013202
                    106,                 1.0598,                0.69083,                 1.2336,                0.87062,                0.60504,                 0.7261,                0.51791,                0.97992,                0.69869,                 1.2501,              0.0013136,              0.0013136,              0.0013136
                    107,                 1.0684,                0.69707,                  1.229,                0.88935,                0.61878,                0.74251,                0.53413,                0.96404,                0.66231,                 1.2427,               0.001307,               0.001307,               0.001307
                    108,                 1.0875,                0.70599,                 1.2453,                0.88045,                0.61757,                  0.738,                0.53068,                0.94652,                0.67589,                 1.2331,              0.0013004,              0.0013004,              0.0013004
                    109,                 1.0548,                0.68366,                 1.2327,                0.86779,                0.61334,                0.73225,                0.52422,                0.96611,                0.67822,                 1.2444,              0.0012938,              0.0012938,              0.0012938
                    110,                 1.0615,                0.68533,                  1.221,                0.88376,                0.63324,                0.74393,                0.53316,                0.95348,                0.66231,                 1.2319,              0.0012872,              0.0012872,              0.0012872
                    111,                 1.0495,                0.67567,                 1.2221,                0.88942,                0.60775,                0.73219,                0.52287,                0.96288,                0.67873,                   1.24,              0.0012806,              0.0012806,              0.0012806
                    112,                 1.0608,                0.68188,                  1.228,                0.90851,                0.61162,                0.74464,                0.53522,                0.95025,                0.66238,                 1.2283,               0.001274,               0.001274,               0.001274
                    113,                 1.0638,                0.68854,                 1.2316,                0.87952,                0.63337,                0.74271,                0.53243,                0.95472,                0.65309,                 1.2337,              0.0012674,              0.0012674,              0.0012674
                    114,                 1.0568,                0.67474,                 1.2289,                0.90031,                0.58701,                0.71877,                0.51267,                0.98104,                0.69566,                 1.2608,              0.0012608,              0.0012608,              0.0012608
                    115,                 1.0478,                0.67442,                  1.216,                0.86964,                0.62627,                0.73727,                0.52923,                0.95626,                0.66416,                 1.2347,              0.0012542,              0.0012542,              0.0012542
                    116,                 1.0482,                0.67975,                  1.229,                0.90789,                0.62536,                0.74733,                0.54053,                0.95461,                0.65368,                 1.2298,              0.0012476,              0.0012476,              0.0012476
                    117,                 1.0521,                0.69163,                 1.2323,                0.88287,                0.62345,                0.73846,                0.53374,                0.93801,                0.66096,                 1.2283,               0.001241,               0.001241,               0.001241
                    118,                  1.035,                0.67153,                 1.2114,                0.87694,                0.63051,                0.74581,                0.53707,                0.95722,                0.65183,                  1.239,              0.0012344,              0.0012344,              0.0012344
                    119,                 1.0469,                0.68153,                 1.2228,                0.87781,                0.61334,                0.73517,                0.51998,                0.98016,                0.68678,                 1.2556,              0.0012278,              0.0012278,              0.0012278
                    120,                 1.0448,                 0.6786,                 1.2183,                0.88737,                0.62106,                0.73992,                0.52931,                0.96102,                0.66307,                 1.2386,              0.0012212,              0.0012212,              0.0012212
                    121,                 1.0438,                0.66838,                 1.2172,                0.87282,                0.61935,                 0.7363,                0.53204,                0.96176,                 0.6635,                 1.2423,              0.0012146,              0.0012146,              0.0012146
                    122,                 1.0365,                0.67216,                 1.2168,                 0.8756,                0.62736,                0.74171,                0.53315,                0.97074,                0.66229,                 1.2484,               0.001208,               0.001208,               0.001208
                    123,                 1.0537,                0.68219,                 1.2183,                0.87251,                0.63852,                0.74732,                0.53347,                0.94632,                0.65682,                 1.2235,              0.0012014,              0.0012014,              0.0012014
                    124,                 1.0362,                0.66631,                 1.2085,                0.88943,                0.61701,                0.73751,                0.53055,                 0.9578,                0.65832,                 1.2468,              0.0011948,              0.0011948,              0.0011948
                    125,                 1.0519,                0.67243,                 1.2194,                0.88376,                0.62707,                0.73851,                0.53205,                0.94776,                 0.6627,                 1.2313,              0.0011882,              0.0011882,              0.0011882
                    126,                 1.0347,                0.66267,                 1.2016,                0.87397,                0.61963,                0.73532,                0.52628,                0.95141,                0.66568,                 1.2315,              0.0011816,              0.0011816,              0.0011816
                    127,                 1.0502,                0.68183,                  1.216,                 0.8672,                0.62423,                0.73799,                0.52828,                0.95146,                0.66316,                 1.2329,               0.001175,               0.001175,               0.001175
                    128,                 1.0296,                0.65882,                 1.2119,                0.87979,                0.61585,                0.73728,                0.52355,                0.97042,                0.66805,                 1.2427,              0.0011684,              0.0011684,              0.0011684
                    129,                 1.0393,                0.66742,                 1.2142,                0.88148,                 0.6258,                 0.7466,                0.53414,                0.95804,                0.65496,                 1.2349,              0.0011618,              0.0011618,              0.0011618
                    130,                  1.047,                 0.6688,                 1.2185,                0.85713,                0.62793,                0.73826,                0.52375,                0.98517,                0.66436,                 1.2619,              0.0011552,              0.0011552,              0.0011552
                    131,                 1.0282,                0.66015,                 1.2088,                 0.8858,                0.60847,                0.73287,                0.52483,                0.96854,                0.66076,                 1.2423,              0.0011486,              0.0011486,              0.0011486
                    132,                 1.0251,                0.65824,                 1.2049,                0.88805,                0.62663,                0.74327,                0.53774,                0.94164,                0.64486,                 1.2249,               0.001142,               0.001142,               0.001142
                    133,                 1.0346,                0.66804,                 1.2198,                0.87707,                0.61591,                0.73931,                0.52576,                0.96968,                0.66694,                 1.2457,              0.0011354,              0.0011354,              0.0011354
                    134,                 1.0442,                 0.6664,                 1.2211,                0.89919,                0.61248,                0.74147,                0.52992,                0.97423,                0.66018,                  1.245,              0.0011288,              0.0011288,              0.0011288
                    135,                 1.0181,                 0.6535,                 1.2098,                0.89229,                0.62851,                0.74872,                0.53942,                0.94616,                0.64248,                 1.2272,              0.0011222,              0.0011222,              0.0011222
                    136,                 1.0256,                0.65567,                 1.2061,                0.90319,                0.61591,                0.73884,                0.53347,                 0.9482,                0.65032,                 1.2333,              0.0011156,              0.0011156,              0.0011156
                    137,                 1.0195,                0.65446,                 1.2045,                0.88936,                0.62164,                0.74097,                 0.5342,                0.94987,                0.65133,                 1.2411,               0.001109,               0.001109,               0.001109
                    138,                 1.0146,                0.64318,                 1.1984,                 0.8873,                0.62822,                0.74826,                0.53581,                 0.9517,                0.64017,                 1.2267,              0.0011024,              0.0011024,              0.0011024
                    139,                 1.0315,                0.65152,                 1.1991,                0.87423,                0.61669,                 0.7356,                0.52441,                0.97113,                0.66818,                 1.2426,              0.0010958,              0.0010958,              0.0010958
                    140,                 1.0224,                0.65541,                 1.2024,                0.88343,                0.63165,                0.74842,                0.53699,                0.95578,                0.64051,                 1.2325,              0.0010892,              0.0010892,              0.0010892
                    141,                 1.0244,                0.64914,                 1.1997,                 0.8858,                0.62822,                0.74499,                0.53677,                0.94835,                0.64122,                 1.2285,              0.0010826,              0.0010826,              0.0010826
                    142,                 1.0252,                0.65112,                  1.192,                0.87898,                0.62569,                0.74416,                0.53625,                0.93329,                0.63702,                 1.2216,               0.001076,               0.001076,               0.001076
                    143,                 1.0261,                0.66161,                 1.2152,                0.89169,                0.62206,                0.74264,                 0.5342,                0.94441,                0.63943,                   1.23,              0.0010694,              0.0010694,              0.0010694
                    144,                 1.0271,                0.64774,                 1.2125,                0.87174,                0.63608,                0.74706,                0.53719,                0.94966,                0.63781,                 1.2321,              0.0010628,              0.0010628,              0.0010628
                    145,                 1.0189,                0.64834,                 1.1961,                0.88421,                0.62307,                0.74626,                0.53677,                0.94006,                0.63985,                 1.2192,              0.0010562,              0.0010562,              0.0010562
                    146,                 1.0156,                0.64046,                 1.2001,                 0.8816,                0.62908,                0.74237,                0.53445,                0.93938,                0.64431,                 1.2269,              0.0010496,              0.0010496,              0.0010496
                    147,                  1.004,                0.63156,                 1.1783,                0.89797,                0.62078,                 0.7464,                0.53707,                 0.9468,                0.64322,                 1.2249,               0.001043,               0.001043,               0.001043
                    148,                 1.0182,                0.63345,                 1.1855,                0.89859,                0.62936,                0.75554,                0.54415,                0.93848,                0.62341,                 1.2182,              0.0010364,              0.0010364,              0.0010364
                    149,                 1.0258,                0.64652,                  1.208,                 0.8726,                0.62535,                 0.7438,                0.53072,                0.96257,                0.64318,                 1.2419,              0.0010298,              0.0010298,              0.0010298
                    150,                 1.0204,                0.65296,                 1.1991,                0.88517,                0.62479,                0.74345,                 0.5336,                0.95381,                0.64562,                  1.227,              0.0010232,              0.0010232,              0.0010232
                    151,                 1.0161,                0.65187,                 1.1934,                0.86632,                 0.6225,                0.73954,                0.53077,                0.95335,                0.64733,                 1.2338,              0.0010166,              0.0010166,              0.0010166
                    152,                 1.0163,                0.64678,                 1.2026,                0.89334,                0.62806,                0.74878,                0.54019,                0.94782,                 0.6287,                 1.2303,                0.00101,                0.00101,                0.00101
                    153,                  1.008,                0.63331,                 1.1884,                 0.8814,                 0.6296,                 0.7478,                0.53778,                0.95027,                0.63405,                 1.2275,              0.0010034,              0.0010034,              0.0010034
                    154,                 1.0033,                0.63657,                 1.1954,                0.87148,                0.63654,                0.74795,                 0.5339,                 0.9601,                0.63043,                 1.2395,              0.0009968,              0.0009968,              0.0009968
                    155,                 1.0082,                0.63081,                 1.1891,                0.88725,                0.62479,                0.74878,                0.53988,                0.94246,                0.62565,                 1.2229,              0.0009902,              0.0009902,              0.0009902
                    156,                0.99588,                0.62882,                 1.1883,                0.88859,                0.61105,                0.73851,                0.52947,                0.97154,                0.64916,                 1.2496,              0.0009836,              0.0009836,              0.0009836
                    157,                 1.0249,                0.64581,                 1.2015,                0.87617,                0.62574,                 0.7462,                0.53891,                0.94557,                0.63667,                 1.2292,               0.000977,               0.000977,               0.000977
                    158,                 1.0089,                0.62772,                 1.1936,                0.88716,                0.63228,                0.75056,                0.53719,                0.95611,                0.62434,                 1.2382,              0.0009704,              0.0009704,              0.0009704
                    159,                 1.0046,                0.63378,                 1.1863,                0.88066,                0.62937,                0.74404,                0.53637,                0.95026,                0.62515,                 1.2405,              0.0009638,              0.0009638,              0.0009638
                    160,                 1.0033,                  0.638,                 1.1897,                0.88768,                0.62307,                0.74562,                0.53375,                0.96361,                0.63548,                 1.2473,              0.0009572,              0.0009572,              0.0009572
                    161,                 1.0145,                0.63493,                 1.2004,                0.88045,                0.62994,                 0.7453,                0.53651,                0.95405,                0.62799,                 1.2417,              0.0009506,              0.0009506,              0.0009506
                    162,                 0.9973,                0.62863,                 1.1843,                0.89546,                0.61878,                0.74824,                0.53665,                0.95228,                0.62456,                 1.2352,               0.000944,               0.000944,               0.000944
                    163,                 1.0064,                0.62945,                 1.1885,                0.88875,                0.61505,                0.73966,                0.52805,                0.97074,                0.63811,                 1.2519,              0.0009374,              0.0009374,              0.0009374
                    164,                 0.9916,                0.62031,                 1.1871,                0.89355,                0.61935,                0.74711,                 0.5387,                0.95198,                0.62452,                 1.2426,              0.0009308,              0.0009308,              0.0009308
                    165,                 1.0044,                 0.6294,                 1.1891,                0.88336,                0.62049,                0.74527,                0.53458,                 0.9564,                0.62367,                 1.2418,              0.0009242,              0.0009242,              0.0009242
                    166,                 1.0048,                0.62782,                 1.1845,                0.88785,                0.61305,                0.73921,                0.52664,                 0.9823,                0.65094,                 1.2637,              0.0009176,              0.0009176,              0.0009176
                    167,                0.99146,                0.61993,                 1.1803,                0.88963,                0.62364,                0.74836,                0.53852,                0.95356,                0.61385,                 1.2426,               0.000911,               0.000911,               0.000911
                    168,                 1.0079,                0.63656,                 1.1978,                0.88685,                0.61935,                0.74275,                0.53352,                0.96789,                0.62882,                 1.2534,              0.0009044,              0.0009044,              0.0009044
                    169,                 1.0061,                0.62759,                 1.1936,                 0.8818,                0.62679,                0.74631,                0.53839,                0.94569,                  0.621,                 1.2363,              0.0008978,              0.0008978,              0.0008978
                    170,                0.99882,                0.61833,                 1.1811,                0.88684,                0.63251,                0.75279,                0.54306,                0.94209,                0.62205,                 1.2299,              0.0008912,              0.0008912,              0.0008912
                    171,                0.97579,                0.61026,                 1.1723,                0.88049,                0.63566,                0.74805,                 0.5365,                0.95207,                0.61669,                 1.2485,              0.0008846,              0.0008846,              0.0008846
                    172,                0.98979,                0.61511,                 1.1796,                0.87834,                0.63227,                0.74724,                0.53933,                0.95613,                0.61871,                 1.2456,               0.000878,               0.000878,               0.000878
                    173,                 1.0028,                0.62121,                 1.1822,                0.89053,                0.62707,                0.74751,                0.53603,                0.96476,                0.62111,                 1.2552,              0.0008714,              0.0008714,              0.0008714
                    174,                 1.0062,                0.61941,                 1.1906,                0.89025,                0.63223,                0.75119,                 0.5379,                0.95696,                0.62674,                 1.2419,              0.0008648,              0.0008648,              0.0008648
                    175,                 1.0045,                0.62082,                 1.1909,                0.89836,                0.61763,                0.74553,                0.53307,                0.96959,                0.63139,                 1.2556,              0.0008582,              0.0008582,              0.0008582
                    176,                 1.0075,                0.61969,                 1.1841,                0.88432,                 0.6265,                0.74652,                0.53661,                0.95311,                0.61536,                 1.2431,              0.0008516,              0.0008516,              0.0008516
                    177,                 1.0001,                0.62022,                 1.1904,                0.87484,                0.64414,                0.75346,                0.54417,                0.95172,                0.61097,                 1.2384,               0.000845,               0.000845,               0.000845
                    178,                0.98303,                0.61082,                 1.1721,                0.88835,                0.63223,                0.75135,                0.54181,                0.94515,                0.60839,                 1.2306,              0.0008384,              0.0008384,              0.0008384
                    179,                0.99085,                0.61572,                 1.1816,                0.88543,                0.63194,                0.74891,                0.54115,                0.94205,                0.61404,                 1.2306,              0.0008318,              0.0008318,              0.0008318
                    180,                      1,                0.60881,                 1.1816,                0.87148,                0.64043,                0.75305,                0.54279,                0.95288,                0.61126,                 1.2371,              0.0008252,              0.0008252,              0.0008252
                    181,                0.98494,                0.61328,                 1.1782,                0.87195,                0.63251,                0.74446,                0.53619,                0.95907,                0.61947,                 1.2439,              0.0008186,              0.0008186,              0.0008186
                    182,                0.98275,                 0.6076,                 1.1751,                0.90229,                0.62765,                0.74965,                0.53847,                0.96259,                0.61612,                 1.2439,               0.000812,               0.000812,               0.000812
                    183,                0.98882,                0.60959,                 1.1758,                0.89635,                0.63194,                0.75295,                0.54082,                0.95224,                0.60874,                   1.24,              0.0008054,              0.0008054,              0.0008054
                    184,                 0.9762,                 0.6046,                 1.1634,                0.88481,                0.63194,                0.75112,                  0.539,                0.96204,                0.61842,                 1.2455,              0.0007988,              0.0007988,              0.0007988
                    185,                0.98502,                0.60613,                 1.1716,                0.88524,                0.63141,                0.74924,                0.53834,                0.95778,                0.61575,                 1.2439,              0.0007922,              0.0007922,              0.0007922
                    186,                 0.9773,                0.61288,                 1.1698,                0.89433,                0.62012,                0.74437,                0.53574,                0.96257,                0.63111,                 1.2484,              0.0007856,              0.0007856,              0.0007856
                    187,                0.98653,                 0.6089,                  1.178,                0.89104,                0.63537,                 0.7501,                0.54106,                0.95228,                0.61747,                 1.2392,               0.000779,               0.000779,               0.000779
                    188,                0.98312,                0.61371,                 1.1665,                0.90091,                0.62974,                0.75168,                0.54052,                 0.9612,                0.61485,                 1.2423,              0.0007724,              0.0007724,              0.0007724
                    189,                0.98677,                0.60422,                 1.1759,                0.89176,                0.62958,                0.75104,                0.54062,                0.95708,                0.61306,                 1.2459,              0.0007658,              0.0007658,              0.0007658
                    190,                0.98691,                0.60568,                 1.1637,                0.89446,                0.62582,                0.74781,                0.53833,                0.96065,                0.60959,                 1.2512,              0.0007592,              0.0007592,              0.0007592
                    191,                0.98247,                 0.5954,                 1.1671,                 0.8813,                0.63537,                 0.7525,                0.54305,                0.95071,                 0.6056,                 1.2353,              0.0007526,              0.0007526,              0.0007526
                    192,                0.97301,                0.60088,                 1.1663,                0.89457,                0.62851,                0.74869,                0.54008,                0.95657,                0.60884,                 1.2414,               0.000746,               0.000746,               0.000746
                    193,                0.98285,                0.61151,                 1.1718,                0.89781,                0.61906,                0.74441,                0.53504,                0.96822,                0.62598,                 1.2529,              0.0007394,              0.0007394,              0.0007394
                    194,                0.97309,                0.59706,                 1.1625,                 0.8824,                0.63022,                0.74498,                0.53685,                0.96221,                0.61491,                 1.2474,              0.0007328,              0.0007328,              0.0007328
                    195,                0.96501,                0.59393,                 1.1641,                0.88304,                0.63022,                0.74988,                0.53958,                0.95651,                0.61973,                 1.2418,              0.0007262,              0.0007262,              0.0007262
                    196,                0.97762,                0.59757,                 1.1699,                0.89068,                0.63681,                 0.7546,                0.54614,                0.94042,                0.59738,                 1.2321,              0.0007196,              0.0007196,              0.0007196
                    197,                0.98919,                0.60976,                 1.1788,                0.88816,                0.62221,                0.74659,                0.53589,                0.96341,                0.61832,                 1.2501,               0.000713,               0.000713,               0.000713
                    198,                0.94957,                0.58218,                 1.1488,                0.88971,                0.62803,                0.74799,                0.54097,                 0.9591,                0.61258,                 1.2483,              0.0007064,              0.0007064,              0.0007064
                    199,                0.97184,                0.58858,                 1.1551,                0.88529,                 0.6308,                0.75046,                0.54407,                 0.9459,                 0.6058,                 1.2363,              0.0006998,              0.0006998,              0.0006998
                    200,                 0.9783,                0.61612,                 1.1706,                0.88013,                0.62621,                0.74809,                0.53998,                 0.9527,                0.60712,                 1.2407,              0.0006932,              0.0006932,              0.0006932
                    201,                0.98024,                0.59995,                 1.1711,                0.90646,                0.62765,                0.75225,                0.54508,                0.94286,                0.59551,                 1.2336,              0.0006866,              0.0006866,              0.0006866
                    202,                0.96909,                0.58705,                 1.1639,                0.88433,                 0.6328,                0.75273,                0.54233,                0.95551,                0.60657,                 1.2434,                0.00068,                0.00068,                0.00068
                    203,                0.96917,                0.59206,                 1.1634,                0.88199,                 0.6328,                0.75251,                0.54492,                0.94562,                0.60534,                 1.2379,              0.0006734,              0.0006734,              0.0006734
                    204,                0.96465,                 0.5887,                 1.1613,                0.89115,                0.63029,                0.75227,                0.54166,                0.96327,                0.61248,                 1.2472,              0.0006668,              0.0006668,              0.0006668
                    205,                0.97473,                0.59498,                 1.1626,                0.90621,                0.61668,                0.74702,                0.53847,                0.96578,                0.62036,                 1.2492,              0.0006602,              0.0006602,              0.0006602
                    206,                0.95914,                0.58791,                 1.1545,                0.89239,                 0.6348,                0.75363,                0.54343,                  0.951,                0.59616,                 1.2402,              0.0006536,              0.0006536,              0.0006536
                    207,                0.97022,                0.59593,                 1.1663,                0.88988,                0.62307,                 0.7469,                0.53651,                0.96031,                0.61066,                 1.2472,               0.000647,               0.000647,               0.000647
                    208,                0.95223,                0.58873,                 1.1537,                0.89011,                0.63566,                 0.7545,                0.54624,                0.94378,                0.59717,                 1.2317,              0.0006404,              0.0006404,              0.0006404
                    209,                0.97133,                0.58286,                 1.1578,                 0.8871,                0.63022,                0.75083,                0.53864,                0.96257,                 0.6091,                 1.2541,              0.0006338,              0.0006338,              0.0006338
                    210,                0.96129,                0.58502,                 1.1524,                0.88828,                0.63492,                 0.7559,                0.54197,                0.96636,                0.59654,                 1.2523,              0.0006272,              0.0006272,              0.0006272
                    211,                0.96968,                0.59219,                 1.1634,                0.88335,                0.63137,                0.74793,                0.53869,                0.96099,                0.60741,                 1.2469,              0.0006206,              0.0006206,              0.0006206
                    212,                0.95731,                0.58864,                 1.1479,                0.90307,                0.62736,                0.75499,                 0.5437,                0.95539,                0.59671,                 1.2439,               0.000614,               0.000614,               0.000614
                    213,                0.95968,                0.59146,                 1.1591,                0.88624,                0.63452,                0.75418,                0.54298,                 0.9577,                0.59967,                 1.2449,              0.0006074,              0.0006074,              0.0006074
                    214,                0.95734,                0.58681,                 1.1548,                0.90107,                 0.6265,                0.75247,                0.54018,                0.96899,                0.60395,                 1.2525,              0.0006008,              0.0006008,              0.0006008
                    215,                0.95327,                0.57913,                 1.1551,                 0.8851,                0.64253,                0.75426,                0.54282,                0.96482,                0.60369,                 1.2463,              0.0005942,              0.0005942,              0.0005942
                    216,                0.95089,                0.57997,                 1.1474,                0.89134,                0.63537,                0.75602,                0.54467,                0.95933,                0.59301,                  1.249,              0.0005876,              0.0005876,              0.0005876
                    217,                0.95434,                0.58008,                 1.1428,                0.90155,                0.62765,                0.74852,                0.54301,                0.95331,                0.60583,                  1.236,               0.000581,               0.000581,               0.000581
                    218,                0.95174,                0.57802,                  1.154,                0.90573,                0.62699,                0.74981,                0.54244,                 0.9627,                0.60033,                 1.2487,              0.0005744,              0.0005744,              0.0005744
                    219,                0.95324,                0.57802,                 1.1565,                0.88272,                0.63709,                0.75215,                0.54433,                0.96105,                0.60125,                 1.2487,              0.0005678,              0.0005678,              0.0005678
                    220,                0.95627,                0.57608,                 1.1486,                0.88699,                0.62897,                0.75133,                0.54283,                0.96357,                0.60334,                 1.2511,              0.0005612,              0.0005612,              0.0005612
                    221,                0.95299,                0.58277,                 1.1519,                0.88371,                0.63223,                0.75106,                0.54371,                0.95843,                0.60282,                 1.2453,              0.0005546,              0.0005546,              0.0005546
                    222,                 0.9418,                0.57492,                 1.1442,                 0.8933,                0.62707,                0.74926,                 0.5397,                  0.965,                0.60457,                 1.2511,               0.000548,               0.000548,               0.000548
                    223,                0.95794,                0.57199,                 1.1486,                 0.8725,                0.63623,                0.74963,                0.54438,                0.95619,                0.60164,                 1.2434,              0.0005414,              0.0005414,              0.0005414
                    224,                0.94769,                0.57871,                 1.1526,                0.87005,                0.64003,                0.75212,                0.54461,                0.94868,                0.59549,                  1.236,              0.0005348,              0.0005348,              0.0005348
                    225,                 0.9428,                0.57562,                 1.1473,                0.88882,                0.62393,                0.74779,                0.53663,                0.97869,                0.60784,                 1.2633,              0.0005282,              0.0005282,              0.0005282
                    226,                 0.9446,                 0.5803,                 1.1531,                 0.8848,                0.63306,                 0.7541,                0.54292,                0.95968,                0.59538,                  1.251,              0.0005216,              0.0005216,              0.0005216
                    227,                0.94049,                0.57465,                 1.1511,                0.88734,                0.62822,                0.74906,                0.54218,                0.96304,                0.60068,                 1.2532,               0.000515,               0.000515,               0.000515
                    228,                0.94909,                0.57457,                 1.1425,                0.86928,                0.64167,                0.75203,                0.54262,                0.95807,                 0.5977,                 1.2487,              0.0005084,              0.0005084,              0.0005084
                    229,                0.93949,                0.57502,                 1.1508,                0.89087,                0.63082,                0.75183,                0.54155,                0.95833,                0.59945,                 1.2457,              0.0005018,              0.0005018,              0.0005018
                    230,                0.93261,                0.55808,                  1.136,                0.89347,                0.62892,                0.75338,                0.54327,                 0.9638,                0.59837,                  1.256,              0.0004952,              0.0004952,              0.0004952
                    231,                0.93532,                 0.5606,                 1.1357,                0.87816,                0.63537,                0.75259,                0.54052,                0.96949,                0.59822,                 1.2588,              0.0004886,              0.0004886,              0.0004886
                    232,                0.93354,                0.56733,                 1.1403,                0.90266,                0.62192,                0.74934,                0.54098,                0.96587,                0.60177,                 1.2538,               0.000482,               0.000482,               0.000482
                    233,                0.94752,                0.56423,                 1.1504,                0.88926,                0.62707,                0.74854,                0.54078,                0.96179,                0.60321,                 1.2461,              0.0004754,              0.0004754,              0.0004754
                    234,                0.93618,                0.56745,                 1.1346,                0.87655,                0.62998,                0.74722,                0.53824,                0.97308,                0.60603,                   1.26,              0.0004688,              0.0004688,              0.0004688
                    235,                0.93861,                0.56148,                 1.1421,                0.88138,                0.63373,                0.75087,                0.54131,                0.97118,                0.59933,                 1.2593,              0.0004622,              0.0004622,              0.0004622
                    236,                0.93864,                0.55869,                 1.1421,                0.89678,                0.63022,                0.74911,                0.54071,                0.96552,                0.59923,                 1.2564,              0.0004556,              0.0004556,              0.0004556
                    237,                0.93805,                0.56966,                 1.1454,                 0.8875,                0.62679,                0.74848,                0.53755,                0.97261,                0.60245,                 1.2593,               0.000449,               0.000449,               0.000449
                    238,                0.94854,                0.57027,                 1.1457,                0.87673,                0.62994,                0.74743,                0.53944,                0.96996,                0.60424,                 1.2598,              0.0004424,              0.0004424,              0.0004424
                    239,                0.92676,                0.56142,                 1.1417,                0.87604,                0.63309,                0.75083,                0.53826,                0.97667,                0.60382,                 1.2684,              0.0004358,              0.0004358,              0.0004358
                    240,                0.93854,                0.56754,                 1.1472,                 0.8901,                0.62851,                0.74829,                0.54232,                0.95545,                0.59123,                 1.2516,              0.0004292,              0.0004292,              0.0004292
                    241,                0.93594,                0.55892,                 1.1357,                0.88726,                0.63452,                0.75229,                0.54336,                0.96796,                0.59063,                 1.2613,              0.0004226,              0.0004226,              0.0004226
                    242,                0.93145,                0.55724,                 1.1373,                0.87102,                0.64396,                0.75348,                0.54417,                0.96505,                0.58813,                 1.2552,               0.000416,               0.000416,               0.000416
                    243,                0.93917,                0.56645,                 1.1348,                0.88952,                0.62879,                0.75126,                0.53957,                0.97426,                0.59291,                 1.2654,              0.0004094,              0.0004094,              0.0004094
                    244,                 0.9199,                0.54933,                 1.1391,                0.87954,                 0.6411,                0.75513,                0.54211,                0.96654,                0.59122,                 1.2592,              0.0004028,              0.0004028,              0.0004028
                    245,                0.93805,                0.56035,                 1.1385,                0.89394,                0.63223,                0.74906,                 0.5391,                0.97455,                0.59848,                 1.2654,              0.0003962,              0.0003962,              0.0003962
                    246,                0.93495,                0.56197,                 1.1412,                0.89701,                 0.6265,                0.75228,                0.54188,                 0.9688,                  0.597,                 1.2596,              0.0003896,              0.0003896,              0.0003896
                    247,                0.92857,                0.55978,                 1.1379,                0.87964,                0.62965,                0.74924,                0.54172,                0.96874,                0.60093,                 1.2602,               0.000383,               0.000383,               0.000383
                    248,                0.93102,                0.55757,                 1.1335,                0.88719,                 0.6265,                0.74979,                 0.5396,                0.97144,                0.59772,                 1.2674,              0.0003764,              0.0003764,              0.0003764
                    249,                0.93266,                0.56402,                 1.1377,                0.88755,                0.63022,                 0.7501,                0.54033,                 0.9716,                0.59235,                 1.2651,              0.0003698,              0.0003698,              0.0003698
                    250,                0.93326,                0.55727,                 1.1339,                 0.8886,                0.63165,                0.75429,                0.54322,                0.96952,                0.58971,                 1.2619,              0.0003632,              0.0003632,              0.0003632
                    251,                0.93937,                0.56065,                 1.1326,                 0.8908,                0.62822,                0.74985,                0.54175,                0.96776,                0.59279,                 1.2603,              0.0003566,              0.0003566,              0.0003566
                    252,                0.92959,                0.55298,                 1.1322,                0.88706,                0.62564,                0.74866,                0.53979,                0.97566,                0.59869,                  1.269,                0.00035,                0.00035,                0.00035
                    253,                0.92014,                0.55611,                 1.1307,                0.88932,                0.62679,                0.74801,                0.54144,                0.96884,                0.60147,                 1.2615,              0.0003434,              0.0003434,              0.0003434
                    254,                0.92718,                0.55982,                 1.1401,                 0.8774,                0.63795,                0.75289,                0.54186,                0.96527,                0.58817,                 1.2596,              0.0003368,              0.0003368,              0.0003368
                    255,                0.92607,                0.55563,                 1.1256,                0.89666,                0.63074,                0.75226,                0.54193,                0.96853,                0.59213,                 1.2618,              0.0003302,              0.0003302,              0.0003302
                    256,                 0.9339,                0.55594,                 1.1363,                0.89002,                0.63462,                0.75362,                0.54237,                0.96928,                0.59451,                 1.2581,              0.0003236,              0.0003236,              0.0003236
                    257,                0.92104,                0.55109,                 1.1365,                0.88945,                0.63022,                0.74923,                0.53821,                0.97563,                0.59933,                 1.2639,               0.000317,               0.000317,               0.000317
                    258,                0.92694,                0.55413,                  1.131,                0.88473,                0.62827,                0.75114,                0.54163,                0.97257,                0.59197,                 1.2608,              0.0003104,              0.0003104,              0.0003104
